{
    "intercept": -0.28894948,
    "duration_months": 0.0245902893,
    "credit_amount": 0.0000560698123,
    "installment_rate": 0.101241351,
    "present_residence_since": 0.0114262297,
    "age_years": -0.0265132668,
    "number_existing_credits": -0.340226066,
    "number_people_liable": -0.173383674
}
