{
    "coefficients": [ 0.0245902893,  0.0000560698123,  0.101241351, 0.0114262297, -0.0265132668, -0.340226066, -0.173383674],
    "intercept": -0.28894948
}